"eval/time","data/GRPO-s25-p8-n128-m32-ga4 - _step","data/GRPO-s25-p8-n128-m32-ga4 - _step__MIN","data/GRPO-s25-p8-n128-m32-ga4 - _step__MAX","data/GRPO-s25-p8-n128-m32-ga4 - eval/completions/mean_length","data/GRPO-s25-p8-n128-m32-ga4 - eval/completions/mean_length__MIN","data/GRPO-s25-p8-n128-m32-ga4 - eval/completions/mean_length__MAX","data/GRPO-s25-p8-n32-m32-ga16 - _step","data/GRPO-s25-p8-n32-m32-ga16 - _step__MIN","data/GRPO-s25-p8-n32-m32-ga16 - _step__MAX","data/GRPO-s25-p8-n32-m32-ga16 - eval/completions/mean_length","data/GRPO-s25-p8-n32-m32-ga16 - eval/completions/mean_length__MIN","data/GRPO-s25-p8-n32-m32-ga16 - eval/completions/mean_length__MAX","data/GRPO-s24-p8-n32-m32-ga16 - _step","data/GRPO-s24-p8-n32-m32-ga16 - _step__MIN","data/GRPO-s24-p8-n32-m32-ga16 - _step__MAX","data/GRPO-s24-p8-n32-m32-ga16 - eval/completions/mean_length","data/GRPO-s24-p8-n32-m32-ga16 - eval/completions/mean_length__MIN","data/GRPO-s24-p8-n32-m32-ga16 - eval/completions/mean_length__MAX","data/GRPO-s23-p8-n128-m32-ga4 - _step","data/GRPO-s23-p8-n128-m32-ga4 - _step__MIN","data/GRPO-s23-p8-n128-m32-ga4 - _step__MAX","data/GRPO-s23-p8-n128-m32-ga4 - eval/completions/mean_length","data/GRPO-s23-p8-n128-m32-ga4 - eval/completions/mean_length__MIN","data/GRPO-s23-p8-n128-m32-ga4 - eval/completions/mean_length__MAX","data/GRPO-s23-p8-n32-m32-ga16 - _step","data/GRPO-s23-p8-n32-m32-ga16 - _step__MIN","data/GRPO-s23-p8-n32-m32-ga16 - _step__MAX","data/GRPO-s23-p8-n32-m32-ga16 - eval/completions/mean_length","data/GRPO-s23-p8-n32-m32-ga16 - eval/completions/mean_length__MIN","data/GRPO-s23-p8-n32-m32-ga16 - eval/completions/mean_length__MAX","data/GRPO-s22-p8-n128-m32-ga4 - _step","data/GRPO-s22-p8-n128-m32-ga4 - _step__MIN","data/GRPO-s22-p8-n128-m32-ga4 - _step__MAX","data/GRPO-s22-p8-n128-m32-ga4 - eval/completions/mean_length","data/GRPO-s22-p8-n128-m32-ga4 - eval/completions/mean_length__MIN","data/GRPO-s22-p8-n128-m32-ga4 - eval/completions/mean_length__MAX","data/GRPO-s22-p8-n32-m32-ga16 - _step","data/GRPO-s22-p8-n32-m32-ga16 - _step__MIN","data/GRPO-s22-p8-n32-m32-ga16 - _step__MAX","data/GRPO-s22-p8-n32-m32-ga16 - eval/completions/mean_length","data/GRPO-s22-p8-n32-m32-ga16 - eval/completions/mean_length__MIN","data/GRPO-s22-p8-n32-m32-ga16 - eval/completions/mean_length__MAX","data/GRPO-s21-p8-n128-m32-ga4 - _step","data/GRPO-s21-p8-n128-m32-ga4 - _step__MIN","data/GRPO-s21-p8-n128-m32-ga4 - _step__MAX","data/GRPO-s21-p8-n128-m32-ga4 - eval/completions/mean_length","data/GRPO-s21-p8-n128-m32-ga4 - eval/completions/mean_length__MIN","data/GRPO-s21-p8-n128-m32-ga4 - eval/completions/mean_length__MAX","data/GRPO-s21-p8-n32-m32-ga16 - _step","data/GRPO-s21-p8-n32-m32-ga16 - _step__MIN","data/GRPO-s21-p8-n32-m32-ga16 - _step__MAX","data/GRPO-s21-p8-n32-m32-ga16 - eval/completions/mean_length","data/GRPO-s21-p8-n32-m32-ga16 - eval/completions/mean_length__MIN","data/GRPO-s21-p8-n32-m32-ga16 - eval/completions/mean_length__MAX","data/GRPO-s12-p8-n128-m32-ga4 - _step","data/GRPO-s12-p8-n128-m32-ga4 - _step__MIN","data/GRPO-s12-p8-n128-m32-ga4 - _step__MAX","data/GRPO-s12-p8-n128-m32-ga4 - eval/completions/mean_length","data/GRPO-s12-p8-n128-m32-ga4 - eval/completions/mean_length__MIN","data/GRPO-s12-p8-n128-m32-ga4 - eval/completions/mean_length__MAX"
"64.3050507529988","","","","","","","","","","","","","","","","","","","","","","","","","","","","","","","","","","","","","","","","","","","20","20","20","330.5852966308594","330.5852966308594","330.5852966308594","","","","","","","","","","","",""
"76.86957264699595","","","","","","","","","","","","","","","","","","","20","20","20","326.0712585449219","326.0712585449219","326.0712585449219","","","","","","","","","","","","","","","","","","","","","","","","","","","","","","","","","","","",""
"77.2752280379973","","","","","","","","","","","","","","","","","","","","","","","","","","","","","","","","","","","","","","","","","","","","","","","","","","","","","","","20","20","20","328.0068359375","328.0068359375","328.0068359375"
"82.09040993199596","","","","","","","","","","","","","","","","","","","","","","","","","","","","","","","20","20","20","327.1190490722656","327.1190490722656","327.1190490722656","","","","","","","","","","","","","","","","","","","","","","","",""
"82.27580159299396","20","20","20","333.6080322265625","333.6080322265625","333.6080322265625","","","","","","","","","","","","","","","","","","","","","","","","","","","","","","","","","","","","","","","","","","","","","","","","","","","","","",""
"84.89253760800057","","","","","","","","","","","","","","","","","","","","","","","","","","","","","","","","","","","","","","","","","","","","","","","","","56","56","56","331.97271728515625","331.97271728515625","331.97271728515625","","","","","",""
"102.1630358370021","","","","","","","","","","","","","56","56","56","332.0022888183594","332.0022888183594","332.0022888183594","","","","","","","","","","","","","","","","","","","","","","","","","","","","","","","","","","","","","","","","","",""
"104.06391523699858","","","","","","","","","","","","","","","","","","","","","","","","","56","56","56","331.5057067871094","331.5057067871094","331.5057067871094","","","","","","","","","","","","","","","","","","","","","","","","","","","","","",""
"108.3521856619991","","","","","","","","","","","","","","","","","","","","","","","","","","","","","","","","","","","","","56","56","56","329.47991943359375","329.47991943359375","329.47991943359375","","","","","","","","","","","","","","","","","",""
"109.2643048960017","","","","","","","56","56","56","337.1773986816406","337.1773986816406","337.1773986816406","","","","","","","","","","","","","","","","","","","","","","","","","","","","","","","","","","","","","","","","","","","","","","","",""
"123.78066426599253","","","","","","","","","","","","","","","","","","","","","","","","","","","","","","","","","","","","","","","","","","","42","42","42","316.90447998046875","316.90447998046875","316.90447998046875","","","","","","","","","","","",""
"126.81850687600672","42","42","42","303.9681701660156","303.9681701660156","303.9681701660156","","","","","","","","","","","","","","","","","","","","","","","","","","","","","","","","","","","","","","","","","","","","","","","","","","","","","",""
"131.99976360599976","","","","","","","","","","","","","","","","","","","","","","","","","","","","","","","42","42","42","319.1478576660156","319.1478576660156","319.1478576660156","","","","","","","","","","","","","","","","","","","","","","","",""
"137.31992964099845","","","","","","","","","","","","","","","","","","","","","","","","","","","","","","","","","","","","","","","","","","","","","","","","","","","","","","","42","42","42","318.3912048339844","318.3912048339844","318.3912048339844"
"139.61669904299924","","","","","","","","","","","","","","","","","","","42","42","42","280.0325927734375","280.0325927734375","280.0325927734375","","","","","","","","","","","","","","","","","","","","","","","","","","","","","","","","","","","",""
"152.772110058002","","","","","","","","","","","","","","","","","","","","","","","","","","","","","","","","","","","","","","","","","","","","","","","","","114","114","114","318.5928649902344","318.5928649902344","318.5928649902344","","","","","",""
"157.97803988999658","","","","","","","","","","","","","","","","","","","","","","","","","114","114","114","316.4321594238281","316.4321594238281","316.4321594238281","","","","","","","","","","","","","","","","","","","","","","","","","","","","","",""
"172.80668001899903","","","","","","","114","114","114","333.22137451171875","333.22137451171875","333.22137451171875","","","","","","","","","","","","","","","","","","","","","","","","","","","","","","","","","","","","","","","","","","","","","","","",""
"183.96963875299843","","","","","","","","","","","","","","","","","","","","","","","","","","","","","","","","","","","","","114","114","114","312.6800537109375","312.6800537109375","312.6800537109375","","","","","","","","","","","","","","","","","",""
"197.9216750229898","","","","","","","","","","","","","114","114","114","333.8453369140625","333.8453369140625","333.8453369140625","","","","","","","","","","","","","","","","","","","","","","","","","","","","","","","","","","","","","","","","","",""
"242.88468756999646","","","","","","","","","","","","","","","","","","","","","","","","","172","172","172","325.373779296875","325.373779296875","325.373779296875","","","","","","","","","","","","","","","","","","","","","","","","","","","","","",""
"252.40819634700165","","","","","","","","","","","","","","","","","","","","","","","","","","","","","","","","","","","","","172","172","172","310.1326904296875","310.1326904296875","310.1326904296875","","","","","","","","","","","","","","","","","",""
"252.58025805599755","","","","","","","","","","","","","","","","","","","98","98","98","250.2213897705078","250.2213897705078","250.2213897705078","","","","","","","","","","","","","","","","","","","","","","","","","","","","","","","","","","","",""
"261.33869995599525","","","","","","","","","","","","","172","172","172","325.7528381347656","325.7528381347656","325.7528381347656","","","","","","","","","","","","","","","","","","","","","","","","","","","","","","","","","","","","","","","","","",""
"268.1787970249934","","","","","","","","","","","","","","","","","","","","","","","","","","","","","","","","","","","","","","","","","","","98","98","98","355.200927734375","355.200927734375","355.200927734375","","","","","","","","","","","",""
"268.43834244900063","","","","","","","","","","","","","","","","","","","","","","","","","","","","","","","","","","","","","","","","","","","","","","","","","","","","","","","98","98","98","305.424560546875","305.424560546875","305.424560546875"
"269.6704882970007","","","","","","","","","","","","","","","","","","","","","","","","","","","","","","","98","98","98","331.4351806640625","331.4351806640625","331.4351806640625","","","","","","","","","","","","","","","","","","","","","","","",""
"270.15244192500177","","","","","","","","","","","","","","","","","","","","","","","","","","","","","","","","","","","","","","","","","","","","","","","","","225","225","225","343.6156311035156","343.6156311035156","343.6156311035156","","","","","",""
"279.3121801489906","98","98","98","316.84002685546875","316.84002685546875","316.84002685546875","","","","","","","","","","","","","","","","","","","","","","","","","","","","","","","","","","","","","","","","","","","","","","","","","","","","","",""
"292.4890731950072","","","","","","","225","225","225","319.1660461425781","319.1660461425781","319.1660461425781","","","","","","","","","","","","","","","","","","","","","","","","","","","","","","","","","","","","","","","","","","","","","","","",""
"362.1668761260007","","","","","","","283","283","283","324.77105712890625","324.77105712890625","324.77105712890625","","","","","","","","","","","","","","","","","","","","","","","","","","","","","","","","","","","","","","","","","","","","","","","",""
"371.5680837780019","","","","","","","","","","","","","","","","","","","","","","","","","","","","","","","137","137","137","323.0970458984375","323.0970458984375","323.0970458984375","","","","","","","","","","","","","","","","","","","","","","","",""
"380.03185572899383","","","","","","","","","","","","","","","","","","","","","","","","","","","","","","","","","","","","","283","283","283","280.44805908203125","280.44805908203125","280.44805908203125","","","","","","","","","","","","","","","","","",""
"382.0998469559854","","","","","","","","","","","","","","","","","","","","","","","","","","","","","","","","","","","","","","","","","","","137","137","137","419.8642883300781","419.8642883300781","419.8642883300781","","","","","","","","","","","",""
"382.7554098909968","","","","","","","","","","","","","","","","","","","","","","","","","283","283","283","311.3229675292969","311.3229675292969","311.3229675292969","","","","","","","","","","","","","","","","","","","","","","","","","","","","","",""
"395.94110424399696","","","","","","","","","","","","","","","","","","","154","154","154","323.38970947265625","323.38970947265625","323.38970947265625","","","","","","","","","","","","","","","","","","","","","","","","","","","","","","","","","","","",""
"413.50535164100074","","","","","","","","","","","","","","","","","","","","","","","","","","","","","","","","","","","","","","","","","","","","","","","","","","","","","","","154","154","154","373.7521057128906","373.7521057128906","373.7521057128906"
"415.7442284629942","154","154","154","385.71343994140625","385.71343994140625","385.71343994140625","","","","","","","","","","","","","","","","","","","","","","","","","","","","","","","","","","","","","","","","","","","","","","","","","","","","","",""
"416.13694507299806","","","","","","","","","","","","","283","283","283","313.3442077636719","313.3442077636719","313.3442077636719","","","","","","","","","","","","","","","","","","","","","","","","","","","","","","","","","","","","","","","","","",""
"436.3629621830005","","","","","","","","","","","","","","","","","","","","","","","","","","","","","","","","","","","","","","","","","","","","","","","","","336","336","336","331.5094909667969","331.5094909667969","331.5094909667969","","","","","",""
"491.56001909098995","","","","","","","","","","","","","","","","","","","","","","","","","","","","","","","","","","","","","","","","","","","176","176","176","455.8597412109375","455.8597412109375","455.8597412109375","","","","","","","","","","","",""
"498.2198431460056","","","","","","","","","","","","","","","","","","","","","","","","","394","394","394","257.2903747558594","257.2903747558594","257.2903747558594","","","","","","","","","","","","","","","","","","","","","","","","","","","","","",""
"500.46851388399955","","","","","","","","","","","","","341","341","341","322.54437255859375","322.54437255859375","322.54437255859375","","","","","","","","","","","","","","","","","","","","","","","","","","","","","","","","","","","","","","","","","",""
"519.2354990410022","","","","","","","","","","","","","","","","","","","193","193","193","372.2774963378906","372.2774963378906","372.2774963378906","","","","","","","","","","","","","","","","","","","","","","","","","","","","","","","","","","","",""
"520.5505408729987","","","","","","","","","","","","","","","","","","","","","","","","","","","","","","","","","","","","","","","","","","","","","","","","","394","394","394","327.61712646484375","327.61712646484375","327.61712646484375","","","","","",""
"526.4820535079925","193","193","193","431.79986572265625","431.79986572265625","431.79986572265625","","","","","","","","","","","","","","","","","","","","","","","","","","","","","","","","","","","","","","","","","","","","","","","","","","","","","",""
"527.7480701449895","","","","","","","","","","","","","","","","","","","","","","","","","","","","","","","","","","","","","394","394","394","298.9628601074219","298.9628601074219","298.9628601074219","","","","","","","","","","","","","","","","","",""
"531.151971187006","","","","","","","","","","","","","","","","","","","","","","","","","","","","","","","193","193","193","338.1069030761719","338.1069030761719","338.1069030761719","","","","","","","","","","","","","","","","","","","","","","","",""
"537.5039840559984","","","","","","","","","","","","","","","","","","","","","","","","","","","","","","","","","","","","","","","","","","","","","","","","","","","","","","","193","193","193","446.8165283203125","446.8165283203125","446.8165283203125"
"546.2996873879965","","","","","","","394","394","394","308.1933288574219","308.1933288574219","308.1933288574219","","","","","","","","","","","","","","","","","","","","","","","","","","","","","","","","","","","","","","","","","","","","","","","",""
"616.2738493549914","","","","","","","","","","","","","","","","","","","","","","","","","","","","","","","","","","","","","","","","","","","215","215","215","404.6034851074219","404.6034851074219","404.6034851074219","","","","","","","","","","","",""
"622.2736688369987","","","","","","","","","","","","","","","","","","","232","232","232","410.15618896484375","410.15618896484375","410.15618896484375","","","","","","","","","","","","","","","","","","","","","","","","","","","","","","","","","","","",""
"626.2948656359949","","","","","","","452","452","452","294.41546630859375","294.41546630859375","294.41546630859375","","","","","","","","","","","","","","","","","","","","","","","","","","","","","","","","","","","","","","","","","","","","","","","",""
"634.6091642819956","232","232","232","405.9734802246094","405.9734802246094","405.9734802246094","","","","","","","","","","","","","","","","","","","","","","","","","","","","","","","","","","","","","","","","","","","","","","","","","","","","","",""
"642.1011559899998","","","","","","","","","","","","","452","452","452","396.8104553222656","396.8104553222656","396.8104553222656","","","","","","","","","","","","","","","","","","","","","","","","","","","","","","","","","","","","","","","","","",""
"643.9857910540013","","","","","","","","","","","","","","","","","","","","","","","","","505","505","505","206.34495544433594","206.34495544433594","206.34495544433594","","","","","","","","","","","","","","","","","","","","","","","","","","","","","",""
"653.3787917840018","","","","","","","","","","","","","","","","","","","","","","","","","","","","","","","232","232","232","350.6482238769531","350.6482238769531","350.6482238769531","","","","","","","","","","","","","","","","","","","","","","","",""
"660.187756278996","","","","","","","","","","","","","","","","","","","","","","","","","","","","","","","","","","","","","","","","","","","","","","","","","","","","","","","232","232","232","494.6353454589844","494.6353454589844","494.6353454589844"
"661.6466325580004","","","","","","","","","","","","","","","","","","","","","","","","","","","","","","","","","","","","","","","","","","","","","","","","","505","505","505","356.309326171875","356.309326171875","356.309326171875","","","","","",""
"679.6083295029894","","","","","","","","","","","","","","","","","","","","","","","","","","","","","","","","","","","","","505","505","505","414.6512451171875","414.6512451171875","414.6512451171875","","","","","","","","","","","","","","","","","",""
"721.5745504719962","","","","","","","","","","","","","","","","","","","","","","","","","","","","","","","","","","","","","","","","","","","","","","","","","","","","","","","254","254","254","469.44732666015625","469.44732666015625","469.44732666015625"
"723.3356942829996","","","","","","","","","","","","","","","","","","","","","","","","","","","","","","","271","271","271","342.373779296875","342.373779296875","342.373779296875","","","","","","","","","","","","","","","","","","","","","","","",""
"732.8581718929927","","","","","","","","","","","","","","","","","","","","","","","","","","","","","","","","","","","","","","","","","","","254","254","254","364.1804504394531","364.1804504394531","364.1804504394531","","","","","","","","","","","",""
"744.200047670005","","","","","","","","","","","","","","","","","","","271","271","271","403.424560546875","403.424560546875","403.424560546875","","","","","","","","","","","","","","","","","","","","","","","","","","","","","","","","","","","",""
"748.6346887109976","","","","","","","","","","","","","","","","","","","","","","","","","","","","","","","","","","","","","","","","","","","","","","","","","563","563","563","363.4237976074219","363.4237976074219","363.4237976074219","","","","","",""
"754.0259578580008","","","","","","","","","","","","","","","","","","","","","","","","","616","616","616","211.9552764892578","211.9552764892578","211.9552764892578","","","","","","","","","","","","","","","","","","","","","","","","","","","","","",""
"755.0234630329796","271","271","271","376.04095458984375","376.04095458984375","376.04095458984375","","","","","","","","","","","","","","","","","","","","","","","","","","","","","","","","","","","","","","","","","","","","","","","","","","","","","",""
"768.1090549909859","","","","","","","","","","","","","","","","","","","","","","","","","","","","","","","","","","","","","563","563","563","441.7369384765625","441.7369384765625","441.7369384765625","","","","","","","","","","","","","","","","","",""
"789.741299751011","","","","","","","","","","","","","563","563","563","444.2668762207031","444.2668762207031","444.2668762207031","","","","","","","","","","","","","","","","","","","","","","","","","","","","","","","","","","","","","","","","","",""
"789.8147064239893","","","","","","","563","563","563","355.812744140625","355.812744140625","355.812744140625","","","","","","","","","","","","","","","","","","","","","","","","","","","","","","","","","","","","","","","","","","","","","","","",""
"845.7502572939993","","","","","","","","","","","","","","","","","","","","","","","","","","","","","","","","","","","","","","","","","","","","","","","","","","","","","","","293","293","293","421.287353515625","421.287353515625","421.287353515625"
"849.2662757559956","","","","","","","","","","","","","","","","","","","","","","","","","","","","","","","","","","","","","","","","","","","293","293","293","332.1326904296875","332.1326904296875","332.1326904296875","","","","","","","","","","","",""
"859.147985281983","","","","","","","","","","","","","","","","","","","","","","","","","","","","","","","","","","","","","621","621","621","466.2373046875","466.2373046875","466.2373046875","","","","","","","","","","","","","","","","","",""
"865.0755864560051","","","","","","","","","","","","","","","","","","","310","310","310","381.1228332519531","381.1228332519531","381.1228332519531","","","","","","","","","","","","","","","","","","","","","","","","","","","","","","","","","","","",""
"867.6982818019897","","","","","","","621","621","621","357.59515380859375","357.59515380859375","357.59515380859375","","","","","","","","","","","","","","","","","","","","","","","","","","","","","","","","","","","","","","","","","","","","","","","",""
"867.9300810419954","310","310","310","374.0174560546875","374.0174560546875","374.0174560546875","","","","","","","","","","","","","","","","","","","","","","","","","","","","","","","","","","","","","","","","","","","","","","","","","","","","","",""
"872.9873265330025","","","","","","","","","","","","","","","","","","","","","","","","","","","","","","","327","327","327","344.04473876953125","344.04473876953125","344.04473876953125","","","","","","","","","","","","","","","","","","","","","","","",""
"881.3696749070077","","","","","","","","","","","","","621","621","621","454.94012451171875","454.94012451171875","454.94012451171875","","","","","","","","","","","","","","","","","","","","","","","","","","","","","","","","","","","","","","","","","",""
"885.2278454859988","","","","","","","","","","","","","","","","","","","","","","","","","727","727","727","246.2335205078125","246.2335205078125","246.2335205078125","","","","","","","","","","","","","","","","","","","","","","","","","","","","","",""
"925.7423035949978","","","","","","","","","","","","","","","","","","","","","","","","","","","","","","","","","","","","","","","","","","","","","","","","","674","674","674","374.6724853515625","374.6724853515625","374.6724853515625","","","","","",""
"968.6823832379996","","","","","","","","","","","","","","","","","","","","","","","","","","","","","","","","","","","","","","","","","","","","","","","","","","","","","","","332","332","332","374.8028869628906","374.8028869628906","374.8028869628906"
"973.7418021000049","","","","","","","","","","","","","","","","","","","","","","","","","","","","","","","366","366","366","344.5314636230469","344.5314636230469","344.5314636230469","","","","","","","","","","","","","","","","","","","","","","","",""
"1008.5255462659989","366","366","366","368.9105529785156","368.9105529785156","368.9105529785156","","","","","","","","","","","","","","","","","","","","","","","","","","","","","","","","","","","","","","","","","","","","","","","","","","","","","",""
"1011.6868905769952","","","","","","","","","","","","","","","","","","","","","","","","","","","","","","","","","","","","","","","","","","","349","349","349","315.9825744628906","315.9825744628906","315.9825744628906","","","","","","","","","","","",""
"1013.1619637359945","","","","","","","","","","","","","","","","","","","","","","","","","","","","","","","","","","","","","","","","","","","","","","","","","732","732","732","367.4609680175781","367.4609680175781","367.4609680175781","","","","","",""
"1019.8533550550055","","","","","","","","","","","","","","","","","","","366","366","366","346.06671142578125","346.06671142578125","346.06671142578125","","","","","","","","","","","","","","","","","","","","","","","","","","","","","","","","","","","",""
"1038.8086057059845","","","","","","","","","","","","","","","","","","","","","","","","","","","","","","","","","","","","","732","732","732","469.2630920410156","469.2630920410156","469.2630920410156","","","","","","","","","","","","","","","","","",""
"1039.645050009989","","","","","","","732","732","732","368.95526123046875","368.95526123046875","368.95526123046875","","","","","","","","","","","","","","","","","","","","","","","","","","","","","","","","","","","","","","","","","","","","","","","",""
"1042.249400832996","","","","","","","","","","","","","","","","","","","","","","","","","838","838","838","218.1220703125","218.1220703125","218.1220703125","","","","","","","","","","","","","","","","","","","","","","","","","","","","","",""
"1043.184178594005","","","","","","","","","","","","","732","732","732","486.1425476074219","486.1425476074219","486.1425476074219","","","","","","","","","","","","","","","","","","","","","","","","","","","","","","","","","","","","","","","","","",""
"1086.3197980159966","","","","","","","","","","","","","","","","","","","","","","","","","","","","","","","","","","","","","","","","","","","388","388","388","295.39349365234375","295.39349365234375","295.39349365234375","","","","","","","","","","","",""
"1092.0020213380012","","","","","","","","","","","","","","","","","","","","","","","","","","","","","","","","","","","","","","","","","","","","","","","","","","","","","","","371","371","371","324.316162109375","324.316162109375","324.316162109375"
"1092.1609431299985","","","","","","","","","","","","","","","","","","","","","","","","","","","","","","","","","","","","","","","","","","","","","","","","","790","790","790","355.6724853515625","355.6724853515625","355.6724853515625","","","","","",""
"1099.7034720780066","","","","","","","","","","","","","","","","","","","","","","","","","","","","","","","405","405","405","342.3912048339844","342.3912048339844","342.3912048339844","","","","","","","","","","","","","","","","","","","","","","","",""
"1116.6582552250038","405","405","405","378.9757385253906","378.9757385253906","378.9757385253906","","","","","","","","","","","","","","","","","","","","","","","","","","","","","","","","","","","","","","","","","","","","","","","","","","","","","",""
"1117.313363319001","","","","","","","","","","","","","","","","","","","405","405","405","354.129638671875","354.129638671875","354.129638671875","","","","","","","","","","","","","","","","","","","","","","","","","","","","","","","","","","","",""
"1125.7501375829888","","","","","","","","","","","","","","","","","","","","","","","","","","","","","","","","","","","","","790","790","790","462.99468994140625","462.99468994140625","462.99468994140625","","","","","","","","","","","","","","","","","",""
"1127.0333755009924","","","","","","","790","790","790","363.79833984375","363.79833984375","363.79833984375","","","","","","","","","","","","","","","","","","","","","","","","","","","","","","","","","","","","","","","","","","","","","","","",""
"1129.347397947","","","","","","","","","","","","","790","790","790","490.2956848144531","490.2956848144531","490.2956848144531","","","","","","","","","","","","","","","","","","","","","","","","","","","","","","","","","","","","","","","","","",""
"1129.9213157139966","","","","","","","","","","","","","","","","","","","","","","","","","896","896","896","214.59591674804688","214.59591674804688","214.59591674804688","","","","","","","","","","","","","","","","","","","","","","","","","","","","","",""
"1200.0194810520006","","","","","","","","","","","","","","","","","","","","","","","","","","","","","","","","","","","","","","","","","","","","","","","","","","","","","","","427","427","427","290.4488220214844","290.4488220214844","290.4488220214844"
"1200.4360950640112","","","","","","","","","","","","","","","","","","","","","","","","","","","","","","","461","461","461","330.49432373046875","330.49432373046875","330.49432373046875","","","","","","","","","","","","","","","","","","","","","","","",""
"1208.3888551469863","","","","","","","","","","","","","","","","","","","","","","","","","","","","","","","","","","","","","848","848","848","449.4768981933594","449.4768981933594","449.4768981933594","","","","","","","","","","","","","","","","","",""
"1212.607877827999","","","","","","","848","848","848","364.8605041503906","364.8605041503906","364.8605041503906","","","","","","","","","","","","","","","","","","","","","","","","","","","","","","","","","","","","","","","","","","","","","","","",""
"1216.1963061450078","444","444","444","366.49810791015625","366.49810791015625","366.49810791015625","","","","","","","","","","","","","","","","","","","","","","","","","","","","","","","","","","","","","","","","","","","","","","","","","","","","","",""
"1218.1498660179932","","","","","","","","","","","","","","","","","","","","","","","","","954","954","954","209.40333557128906","209.40333557128906","209.40333557128906","","","","","","","","","","","","","","","","","","","","","","","","","","","","","",""
"1219.727798963002","","","","","","","","","","","","","848","848","848","490.4033508300781","490.4033508300781","490.4033508300781","","","","","","","","","","","","","","","","","","","","","","","","","","","","","","","","","","","","","","","","","",""
"1222.1401846150038","","","","","","","","","","","","","","","","","","","444","444","444","349.525390625","349.525390625","349.525390625","","","","","","","","","","","","","","","","","","","","","","","","","","","","","","","","","","","",""
"1227.5365313270013","","","","","","","","","","","","","","","","","","","","","","","","","","","","","","","","","","","","","","","","","","","444","444","444","305.0902099609375","305.0902099609375","305.0902099609375","","","","","","","","","","","",""
"1263.5220065289977","","","","","","","","","","","","","","","","","","","","","","","","","","","","","","","","","","","","","","","","","","","","","","","","","901","901","901","337.36163330078125","337.36163330078125","337.36163330078125","","","","","",""
"1320.7110100830105","","","","","","","","","","","","","","","","","","","483","483","483","324.4018249511719","324.4018249511719","324.4018249511719","","","","","","","","","","","","","","","","","","","","","","","","","","","","","","","","","","","",""
"1330.9534250400175","483","483","483","345.34722900390625","345.34722900390625","345.34722900390625","","","","","","","","","","","","","","","","","","","","","","","","","","","","","","","","","","","","","","","","","","","","","","","","","","","","","",""
"1338.259930135995","","","","","","","","","","","","","","","","","","","","","","","","","1065","1065","1065","218.7589111328125","218.7589111328125","218.7589111328125","","","","","","","","","","","","","","","","","","","","","","","","","","","","","",""
"1342.2895661840012","","","","","","","","","","","","","","","","","","","","","","","","","","","","","","","","","","","","","","","","","","","","","","","","","","","","","","","483","483","483","286.4920349121094","286.4920349121094","286.4920349121094"
"1349.2326066339956","","","","","","","959","959","959","367.3919677734375","367.3919677734375","367.3919677734375","","","","","","","","","","","","","","","","","","","","","","","","","","","","","","","","","","","","","","","","","","","","","","","",""
"1351.4067016319968","","","","","","","","","","","","","","","","","","","","","","","","","","","","","","","","","","","","","","","","","","","","","","","","","959","959","959","327.6891784667969","327.6891784667969","327.6891784667969","","","","","",""
"1363.895760149011","","","","","","","","","","","","","","","","","","","","","","","","","","","","","","","517","517","517","320.5906066894531","320.5906066894531","320.5906066894531","","","","","","","","","","","","","","","","","","","","","","","",""
"1364.0212421549804","","","","","","","","","","","","","","","","","","","","","","","","","","","","","","","","","","","","","959","959","959","429.3047790527344","429.3047790527344","429.3047790527344","","","","","","","","","","","","","","","","","",""
"1366.0994818280014","","","","","","","","","","","","","","","","","","","","","","","","","","","","","","","","","","","","","","","","","","","500","500","500","273.0106201171875","273.0106201171875","273.0106201171875","","","","","","","","","","","",""
"1394.4719434190047","","","","","","","","","","","","","959","959","959","490.0424499511719","490.0424499511719","490.0424499511719","","","","","","","","","","","","","","","","","","","","","","","","","","","","","","","","","","","","","","","","","",""
"1444.3761058530072","","","","","","","","","","","","","","","","","","","","","","","","","","","","","","","","","","","","","","","","","","","539","539","539","256.00531005859375","256.00531005859375","256.00531005859375","","","","","","","","","","","",""
"1447.2488536920064","","","","","","","","","","","","","","","","","","","539","539","539","324.460205078125","324.460205078125","324.460205078125","","","","","","","","","","","","","","","","","","","","","","","","","","","","","","","","","","","",""
"1449.6072924789987","","","","","","","","","","","","","","","","","","","","","","","","","","","","","","","","","","","","","","","","","","","","","","","","","","","","","","","539","539","539","318.7467956542969","318.7467956542969","318.7467956542969"
"1451.5280610980117","539","539","539","318.0098571777344","318.0098571777344","318.0098571777344","","","","","","","","","","","","","","","","","","","","","","","","","","","","","","","","","","","","","","","","","","","","","","","","","","","","","",""
"1452.4371929729823","","","","","","","","","","","","","","","","","","","","","","","","","","","","","","","","","","","","","1017","1017","1017","429.99468994140625","429.99468994140625","429.99468994140625","","","","","","","","","","","","","","","","","",""
"1453.2361804780085","","","","","","","","","","","","","","","","","","","","","","","","","","","","","","","556","556","556","323.2130432128906","323.2130432128906","323.2130432128906","","","","","","","","","","","","","","","","","","","","","","","",""
"1470.6308663770033","","","","","","","","","","","","","1017","1017","1017","489.54132080078125","489.54132080078125","489.54132080078125","","","","","","","","","","","","","","","","","","","","","","","","","","","","","","","","","","","","","","","","","",""
"1473.6731788679972","","","","","","","1070","1070","1070","355.8097229003906","355.8097229003906","355.8097229003906","","","","","","","","","","","","","","","","","","","","","","","","","","","","","","","","","","","","","","","","","","","","","","","",""
"1512.8496847539936","","","","","","","","","","","","","","","","","","","","","","","","","1176","1176","1176","259.992431640625","259.992431640625","259.992431640625","","","","","","","","","","","","","","","","","","","","","","","","","","","","","",""
"1523.0026165550007","","","","","","","","","","","","","","","","","","","","","","","","","","","","","","","","","","","","","","","","","","","","","","","","","1070","1070","1070","304.3768005371094","304.3768005371094","304.3768005371094","","","","","",""
"1566.9760115880053","","","","","","","","","","","","","","","","","","","","","","","","","","","","","","","","","","","","","","","","","","","595","595","595","242.91053771972656","242.91053771972656","242.91053771972656","","","","","","","","","","","",""
"1573.0580039260094","","","","","","","","","","","","","","","","","","","","","","","","","","","","","","","612","612","612","324.1197814941406","324.1197814941406","324.1197814941406","","","","","","","","","","","","","","","","","","","","","","","",""
"1574.806353928001","","","","","","","","","","","","","","","","","","","","","","","","","","","","","","","","","","","","","","","","","","","","","","","","","","","","","","","595","595","595","291.7270812988281","291.7270812988281","291.7270812988281"
"1589.107416593004","595","595","595","305.54132080078125","305.54132080078125","305.54132080078125","","","","","","","","","","","","","","","","","","","","","","","","","","","","","","","","","","","","","","","","","","","","","","","","","","","","","",""
"1589.6219945600023","","","","","","","","","","","","","","","","","","","","","","","","","","","","","","","","","","","","","","","","","","","","","","","","","1128","1128","1128","308.56787109375","308.56787109375","308.56787109375","","","","","",""
"1599.5499248819979","","","","","","","","","","","","","","","","","","","","","","","","","1234","1234","1234","254.58908081054688","254.58908081054688","254.58908081054688","","","","","","","","","","","","","","","","","","","","","","","","","","","","","",""
"1617.7212358690085","","","","","","","","","","","","","","","","","","","595","595","595","310.0181884765625","310.0181884765625","310.0181884765625","","","","","","","","","","","","","","","","","","","","","","","","","","","","","","","","","","","",""
"1621.2570335159762","","","","","","","","","","","","","","","","","","","","","","","","","","","","","","","","","","","","","1128","1128","1128","442.5345153808594","442.5345153808594","442.5345153808594","","","","","","","","","","","","","","","","","",""
"1635.8846870159978","","","","","","","1181","1181","1181","349.68157958984375","349.68157958984375","349.68157958984375","","","","","","","","","","","","","","","","","","","","","","","","","","","","","","","","","","","","","","","","","","","","","","","",""
"1645.3491024160103","","","","","","","","","","","","","1128","1128","1128","497.3927307128906","497.3927307128906","497.3927307128906","","","","","","","","","","","","","","","","","","","","","","","","","","","","","","","","","","","","","","","","","",""
"1685.9819640440037","","","","","","","","","","","","","","","","","","","","","","","","","1292","1292","1292","255.47991943359375","255.47991943359375","255.47991943359375","","","","","","","","","","","","","","","","","","","","","","","","","","","","","",""
"1686.1477527139941","","","","","","","1239","1239","1239","349.85064697265625","349.85064697265625","349.85064697265625","","","","","","","","","","","","","","","","","","","","","","","","","","","","","","","","","","","","","","","","","","","","","","","",""
"1694.532478730005","634","634","634","303.87567138671875","303.87567138671875","303.87567138671875","","","","","","","","","","","","","","","","","","","","","","","","","","","","","","","","","","","","","","","","","","","","","","","","","","","","","",""
"1700.3635827110047","","","","","","","","","","","","","","","","","","","","","","","","","","","","","","","","","","","","","","","","","","","668","668","668","233.8665771484375","233.8665771484375","233.8665771484375","","","","","","","","","","","",""
"1705.6026271920055","","","","","","","","","","","","","","","","","","","","","","","","","","","","","","","668","668","668","326.4556579589844","326.4556579589844","326.4556579589844","","","","","","","","","","","","","","","","","","","","","","","",""
"1708.3968379449725","","","","","","","","","","","","","","","","","","","","","","","","","","","","","","","","","","","","","1186","1186","1186","439.4351806640625","439.4351806640625","439.4351806640625","","","","","","","","","","","","","","","","","",""
"1719.5113802900014","","","","","","","","","","","","","","","","","","","634","634","634","294.8658142089844","294.8658142089844","294.8658142089844","","","","","","","","","","","","","","","","","","","","","","","","","","","","","","","","","","","",""
"1720.4294114740005","","","","","","","","","","","","","","","","","","","","","","","","","","","","","","","","","","","","","","","","","","","","","","","","","","","","","","","651","651","651","269.6216735839844","269.6216735839844","269.6216735839844"
"1732.1776574400137","","","","","","","","","","","","","1186","1186","1186","505.8551940917969","505.8551940917969","505.8551940917969","","","","","","","","","","","","","","","","","","","","","","","","","","","","","","","","","","","","","","","","","",""
"1738.0491032300051","","","","","","","","","","","","","","","","","","","","","","","","","","","","","","","","","","","","","","","","","","","","","","","","","1239","1239","1239","309.96893310546875","309.96893310546875","309.96893310546875","","","","","",""
"1821.8528795440143","","","","","","","","","","","","","1244","1244","1244","509.6322937011719","509.6322937011719","509.6322937011719","","","","","","","","","","","","","","","","","","","","","","","","","","","","","","","","","","","","","","","","","",""
"1821.9653750569996","","","","","","","","","","","","","","","","","","","","","","","","","","","","","","","","","","","","","","","","","","","","","","","","","1297","1297","1297","314.2623291015625","314.2623291015625","314.2623291015625","","","","","",""
"1823.06382058101","707","707","707","292.812744140625","292.812744140625","292.812744140625","","","","","","","","","","","","","","","","","","","","","","","","","","","","","","","","","","","","","","","","","","","","","","","","","","","","","",""
"1823.7678525400042","","","","","","","","","","","","","","","","","","","","","","","","","","","","","","","","","","","","","","","","","","","","","","","","","","","","","","","724","724","724","259.14404296875","259.14404296875","259.14404296875"
"1831.6420759510002","","","","","","","","","","","","","","","","","","","","","","","","","","","","","","","","","","","","","","","","","","","724","724","724","249.92039489746094","249.92039489746094","249.92039489746094","","","","","","","","","","","",""
"1831.682045235997","","","","","","","1350","1350","1350","358.9355773925781","358.9355773925781","358.9355773925781","","","","","","","","","","","","","","","","","","","","","","","","","","","","","","","","","","","","","","","","","","","","","","","",""
"1832.0992999220034","","","","","","","","","","","","","","","","","","","690","690","690","291.67401123046875","291.67401123046875","291.67401123046875","","","","","","","","","","","","","","","","","","","","","","","","","","","","","","","","","","","",""
"1839.0265928120134","","","","","","","","","","","","","","","","","","","","","","","","","","","","","","","724","724","724","321.7301025390625","321.7301025390625","321.7301025390625","","","","","","","","","","","","","","","","","","","","","","","",""
"1862.4409726840022","","","","","","","","","","","","","","","","","","","","","","","","","1403","1403","1403","257.4996337890625","257.4996337890625","257.4996337890625","","","","","","","","","","","","","","","","","","","","","","","","","","","","","",""
"1872.2717441509667","","","","","","","","","","","","","","","","","","","","","","","","","","","","","","","","","","","","","1297","1297","1297","439.2259216308594","439.2259216308594","439.2259216308594","","","","","","","","","","","","","","","","","",""
"1940.633937296996","","","","","","","","","","","","","","","","","","","","","","","","","","","","","","","","","","","","","","","","","","","780","780","780","270.63458251953125","270.63458251953125","270.63458251953125","","","","","","","","","","","",""
"1942.7311522840027","","","","","","","","","","","","","","","","","","","","","","","","","","","","","","","","","","","","","","","","","","","","","","","","","","","","","","","780","780","780","261.4215393066406","261.4215393066406","261.4215393066406"
"1944.9933045250073","780","780","780","308.3191833496094","308.3191833496094","308.3191833496094","","","","","","","","","","","","","","","","","","","","","","","","","","","","","","","","","","","","","","","","","","","","","","","","","","","","","",""
"1945.4229765980126","","","","","","","","","","","","","","","","","","","","","","","","","","","","","","","763","763","763","318.4867248535156","318.4867248535156","318.4867248535156","","","","","","","","","","","","","","","","","","","","","","","",""
"1950.3813794439993","","","","","","","","","","","","","","","","","","","","","","","","","1461","1461","1461","257.2623291015625","257.2623291015625","257.2623291015625","","","","","","","","","","","","","","","","","","","","","","","","","","","","","",""
"1952.8543350299733","","","","","","","","","","","","","","","","","","","","","","","","","","","","","","","","","","","","","1355","1355","1355","431.76800537109375","431.76800537109375","431.76800537109375","","","","","","","","","","","","","","","","","",""
"1955.8492066809922","","","","","","","1461","1461","1461","350.8385314941406","350.8385314941406","350.8385314941406","","","","","","","","","","","","","","","","","","","","","","","","","","","","","","","","","","","","","","","","","","","","","","","",""
"1956.4057302600122","","","","","","","","","","","","","","","","","","","746","746","746","319.5352478027344","319.5352478027344","319.5352478027344","","","","","","","","","","","","","","","","","","","","","","","","","","","","","","","","","","","",""
"1991.945821204994","","","","","","","","","","","","","","","","","","","","","","","","","","","","","","","","","","","","","","","","","","","","","","","","","1408","1408","1408","334.7801513671875","334.7801513671875","334.7801513671875","","","","","",""
"2002.6048938940148","","","","","","","","","","","","","1355","1355","1355","511.1819763183594","511.1819763183594","511.1819763183594","","","","","","","","","","","","","","","","","","","","","","","","","","","","","","","","","","","","","","","","","",""
"2043.1014835150054","","","","","","","","","","","","","","","","","","","","","","","","","","","","","","","802","802","802","315.5640563964844","315.5640563964844","315.5640563964844","","","","","","","","","","","","","","","","","","","","","","","",""
"2052.0500016370024","","","","","","","","","","","","","","","","","","","","","","","","","","","","","","","","","","","","","","","","","","","","","","","","","","","","","","","853","853","853","321.51934814453125","321.51934814453125","321.51934814453125"
"2065.8813984730077","836","836","836","336.5026550292969","336.5026550292969","336.5026550292969","","","","","","","","","","","","","","","","","","","","","","","","","","","","","","","","","","","","","","","","","","","","","","","","","","","","","",""
"2076.8668238839964","","","","","","","","","","","","","","","","","","","","","","","","","","","","","","","","","","","","","","","","","","","","","","","","","1466","1466","1466","343.83245849609375","343.83245849609375","343.83245849609375","","","","","",""
"2078.433799259001","","","","","","","","","","","","","","","","","","","","","","","","","","","","","","","","","","","","","","","","","","","836","836","836","317.517822265625","317.517822265625","317.517822265625","","","","","","","","","","","",""
"2082.040374187003","","","","","","","","","","","","","","","","","","","","","","","","","1572","1572","1572","257.338134765625","257.338134765625","257.338134765625","","","","","","","","","","","","","","","","","","","","","","","","","","","","","",""
"2092.2564667280094","","","","","","","","","","","","","1413","1413","1413","509.409423828125","509.409423828125","509.409423828125","","","","","","","","","","","","","","","","","","","","","","","","","","","","","","","","","","","","","","","","","",""
"2093.879039860003","","","","","","","","","","","","","","","","","","","802","802","802","368.0394287109375","368.0394287109375","368.0394287109375","","","","","","","","","","","","","","","","","","","","","","","","","","","","","","","","","","","",""
"2115.6455894869723","","","","","","","","","","","","","","","","","","","","","","","","","","","","","","","","","","","","","1466","1466","1466","422.1243591308594","422.1243591308594","422.1243591308594","","","","","","","","","","","","","","","","","",""
"2121.2168231969918","","","","","","","1572","1572","1572","349.49658203125","349.49658203125","349.49658203125","","","","","","","","","","","","","","","","","","","","","","","","","","","","","","","","","","","","","","","","","","","","","","","",""
"2164.7252169619896","","","","","","","","","","","","","","","","","","","","","","","","","","","","","","","","","","","","","","","","","","","","","","","","","1524","1524","1524","352.84307861328125","352.84307861328125","352.84307861328125","","","","","",""
"2166.063323281007","","","","","","","","","","","","","","","","","","","","","","","","","1630","1630","1630","261.0682373046875","261.0682373046875","261.0682373046875","","","","","","","","","","","","","","","","","","","","","","","","","","","","","",""
"2167.277617715008","875","875","875","347.7793884277344","347.7793884277344","347.7793884277344","","","","","","","","","","","","","","","","","","","","","","","","","","","","","","","","","","","","","","","","","","","","","","","","","","","","","",""
"2171.452528410009","","","","","","","","","","","","","","","","","","","841","841","841","381.73541259765625","381.73541259765625","381.73541259765625","","","","","","","","","","","","","","","","","","","","","","","","","","","","","","","","","","","",""
"2177.4849073030055","","","","","","","","","","","","","","","","","","","","","","","","","","","","","","","","","","","","","","","","","","","875","875","875","337.2486877441406","337.2486877441406","337.2486877441406","","","","","","","","","","","",""
"2178.0428587390197","","","","","","","","","","","","","1471","1471","1471","514.273681640625","514.273681640625","514.273681640625","","","","","","","","","","","","","","","","","","","","","","","","","","","","","","","","","","","","","","","","","",""
"2189.059817157002","","","","","","","","","","","","","","","","","","","","","","","","","","","","","","","","","","","","","","","","","","","","","","","","","","","","","","","909","909","909","389.91888427734375","389.91888427734375","389.91888427734375"
"2195.5868557700087","","","","","","","","","","","","","","","","","","","","","","","","","","","","","","","858","858","858","317.1334533691406","317.1334533691406","317.1334533691406","","","","","","","","","","","","","","","","","","","","","","","",""
"2203.6054396799955","","","","","","","1630","1630","1630","343.4495849609375","343.4495849609375","343.4495849609375","","","","","","","","","","","","","","","","","","","","","","","","","","","","","","","","","","","","","","","","","","","","","","","",""
"2206.352412816974","","","","","","","","","","","","","","","","","","","","","","","","","","","","","","","","","","","","","1524","1524","1524","422.1645202636719","422.1645202636719","422.1645202636719","","","","","","","","","","","","","","","","","",""
"2284.479604187003","","","","","","","","","","","","","","","","","","","","","","","","","","","","","","","","","","","","","","","","","","","","","","","","","","","","","","","948","948","948","385.3047790527344","385.3047790527344","385.3047790527344"
"2285.566470478989","","","","","","","1688","1688","1688","338.043212890625","338.043212890625","338.043212890625","","","","","","","","","","","","","","","","","","","","","","","","","","","","","","","","","","","","","","","","","","","","","","","",""
"2298.4412549010085","","","","","","","","","","","","","","","","","","","","","","","","","","","","","","","897","897","897","319.489013671875","319.489013671875","319.489013671875","","","","","","","","","","","","","","","","","","","","","","","",""
"2304.3392375640105","931","931","931","341.4723205566406","341.4723205566406","341.4723205566406","","","","","","","","","","","","","","","","","","","","","","","","","","","","","","","","","","","","","","","","","","","","","","","","","","","","","",""
"2322.627459431009","","","","","","","","","","","","","","","","","","","","","","","","","","","","","","","","","","","","","","","","","","","931","931","931","356.7596740722656","356.7596740722656","356.7596740722656","","","","","","","","","","","",""
"2323.496435634006","","","","","","","","","","","","","","","","","","","897","897","897","384.8097229003906","384.8097229003906","384.8097229003906","","","","","","","","","","","","","","","","","","","","","","","","","","","","","","","","","","","",""
"2324.464069903981","","","","","","","","","","","","","","","","","","","","","","","","","","","","","","","","","","","","","1635","1635","1635","415.0924987792969","415.0924987792969","415.0924987792969","","","","","","","","","","","","","","","","","",""
"2334.6077969160033","","","","","","","","","","","","","","","","","","","","","","","","","1741","1741","1741","270.1410217285156","270.1410217285156","270.1410217285156","","","","","","","","","","","","","","","","","","","","","","","","","","","","","",""
"2337.222908434989","","","","","","","","","","","","","","","","","","","","","","","","","","","","","","","","","","","","","","","","","","","","","","","","","1635","1635","1635","359.96588134765625","359.96588134765625","359.96588134765625","","","","","",""
"2356.0576600130153","","","","","","","","","","","","","1582","1582","1582","496.1281433105469","496.1281433105469","496.1281433105469","","","","","","","","","","","","","","","","","","","","","","","","","","","","","","","","","","","","","","","","","",""
"2401.3865828649796","","","","","","","","","","","","","","","","","","","","","","","","","","","","","","","","","","","","","1693","1693","1693","412.1516418457031","412.1516418457031","412.1516418457031","","","","","","","","","","","","","","","","","",""
"2401.9197582159977","","","","","","","1799","1799","1799","331.2456359863281","331.2456359863281","331.2456359863281","","","","","","","","","","","","","","","","","","","","","","","","","","","","","","","","","","","","","","","","","","","","","","","",""
"2404.753236528002","","","","","","","","","","","","","","","","","","","","","","","","","","","","","","","","","","","","","","","","","","","","","","","","","","","","","","","987","987","987","399.39727783203125","399.39727783203125","399.39727783203125"
"2411.8606646850094","","","","","","","","","","","","","","","","","","","","","","","","","","","","","","","","","","","","","","","","","","","970","970","970","377.7225341796875","377.7225341796875","377.7225341796875","","","","","","","","","","","",""
"2416.9044303860064","","","","","","","","","","","","","","","","","","","936","936","936","394.96893310546875","394.96893310546875","394.96893310546875","","","","","","","","","","","","","","","","","","","","","","","","","","","","","","","","","","","",""
"2419.671782947007","","","","","","","","","","","","","","","","","","","","","","","","","1799","1799","1799","269.3419189453125","269.3419189453125","269.3419189453125","","","","","","","","","","","","","","","","","","","","","","","","","","","","","",""
"2424.1763404410012","987","987","987","338.8673400878906","338.8673400878906","338.8673400878906","","","","","","","","","","","","","","","","","","","","","","","","","","","","","","","","","","","","","","","","","","","","","","","","","","","","","",""
"2426.215276936993","","","","","","","","","","","","","","","","","","","","","","","","","","","","","","","","","","","","","","","","","","","","","","","","","1693","1693","1693","361.57012939453125","361.57012939453125","361.57012939453125","","","","","",""
"2430.4867651430104","","","","","","","","","","","","","","","","","","","","","","","","","","","","","","","953","953","953","325.8961486816406","325.8961486816406","325.8961486816406","","","","","","","","","","","","","","","","","","","","","","","",""
"2442.0462937410193","","","","","","","","","","","","","1640","1640","1640","485.74224853515625","485.74224853515625","485.74224853515625","","","","","","","","","","","","","","","","","","","","","","","","","","","","","","","","","","","","","","","","","",""
"2532.224785498016","","","","","","","","","","","","","1698","1698","1698","481.2395935058594","481.2395935058594","481.2395935058594","","","","","","","","","","","","","","","","","","","","","","","","","","","","","","","","","","","","","","","","","",""
"2536.816230136006","","","","","","","","","","","","","","","","","","","","","","","","","1859","1859","1859","277.0978088378906","277.0978088378906","277.0978088378906","","","","","","","","","","","","","","","","","","","","","","","","","","","","","",""
"2542.649941093994","","","","","","","","","","","","","","","","","","","","","","","","","","","","","","","","","","","","","","","","","","","","","","","","","1753","1753","1753","361.9810485839844","361.9810485839844","361.9810485839844","","","","","",""